<?xml version='1.0' encoding='UTF-8'?>
<result plugin="junit@1.2-beta-4">
  <suites>
    <suite>
      <file>/var/lib/jenkins/workspace/Petclinic-Workspace/target/surefire-reports/TEST-org.springframework.samples.petclinic.model.ValidatorTests.xml</file>
      <name>org.springframework.samples.petclinic.model.ValidatorTests</name>
      <duration>0.325</duration>
      <cases>
        <case>
          <duration>0.325</duration>
          <className>org.springframework.samples.petclinic.model.ValidatorTests</className>
          <testName>shouldNotValidateWhenFirstNameEmpty</testName>
          <skipped>false</skipped>
          <failedSince>0</failedSince>
        </case>
      </cases>
    </suite>
    <suite>
      <file>/var/lib/jenkins/workspace/Petclinic-Workspace/target/surefire-reports/TEST-org.springframework.samples.petclinic.service.ClinicServiceJdbcTests.xml</file>
      <name>org.springframework.samples.petclinic.service.ClinicServiceJdbcTests</name>
      <duration>0.13100001</duration>
      <cases>
        <case>
          <duration>0.014</duration>
          <className>org.springframework.samples.petclinic.service.ClinicServiceJdbcTests</className>
          <testName>shouldFindVets</testName>
          <skipped>false</skipped>
          <failedSince>0</failedSince>
        </case>
        <case>
          <duration>0.015</duration>
          <className>org.springframework.samples.petclinic.service.ClinicServiceJdbcTests</className>
          <testName>shouldFindOwnersByLastName</testName>
          <skipped>false</skipped>
          <failedSince>0</failedSince>
        </case>
        <case>
          <duration>0.041</duration>
          <className>org.springframework.samples.petclinic.service.ClinicServiceJdbcTests</className>
          <testName>shouldAddNewVisitForPet</testName>
          <skipped>false</skipped>
          <failedSince>0</failedSince>
        </case>
        <case>
          <duration>0.006</duration>
          <className>org.springframework.samples.petclinic.service.ClinicServiceJdbcTests</className>
          <testName>shouldUpdateOwner</testName>
          <skipped>false</skipped>
          <failedSince>0</failedSince>
        </case>
        <case>
          <duration>0.026</duration>
          <className>org.springframework.samples.petclinic.service.ClinicServiceJdbcTests</className>
          <testName>shouldInsertPetIntoDatabaseAndGenerateId</testName>
          <skipped>false</skipped>
          <failedSince>0</failedSince>
        </case>
        <case>
          <duration>0.019</duration>
          <className>org.springframework.samples.petclinic.service.ClinicServiceJdbcTests</className>
          <testName>shouldInsertOwner</testName>
          <skipped>false</skipped>
          <failedSince>0</failedSince>
        </case>
        <case>
          <duration>0.001</duration>
          <className>org.springframework.samples.petclinic.service.ClinicServiceJdbcTests</className>
          <testName>shouldFindSingleOwnerWithPet</testName>
          <skipped>false</skipped>
          <failedSince>0</failedSince>
        </case>
        <case>
          <duration>0.005</duration>
          <className>org.springframework.samples.petclinic.service.ClinicServiceJdbcTests</className>
          <testName>shouldUpdatePetName</testName>
          <skipped>false</skipped>
          <failedSince>0</failedSince>
        </case>
        <case>
          <duration>0.001</duration>
          <className>org.springframework.samples.petclinic.service.ClinicServiceJdbcTests</className>
          <testName>shouldFindAllPetTypes</testName>
          <skipped>false</skipped>
          <failedSince>0</failedSince>
        </case>
        <case>
          <duration>0.003</duration>
          <className>org.springframework.samples.petclinic.service.ClinicServiceJdbcTests</className>
          <testName>shouldFindPetWithCorrectId</testName>
          <skipped>false</skipped>
          <failedSince>0</failedSince>
        </case>
      </cases>
    </suite>
    <suite>
      <file>/var/lib/jenkins/workspace/Petclinic-Workspace/target/surefire-reports/TEST-org.springframework.samples.petclinic.service.ClinicServiceJpaTests.xml</file>
      <name>org.springframework.samples.petclinic.service.ClinicServiceJpaTests</name>
      <duration>0.23999998</duration>
      <cases>
        <case>
          <duration>0.152</duration>
          <className>org.springframework.samples.petclinic.service.ClinicServiceJpaTests</className>
          <testName>shouldFindVets</testName>
          <skipped>false</skipped>
          <failedSince>0</failedSince>
        </case>
        <case>
          <duration>0.018</duration>
          <className>org.springframework.samples.petclinic.service.ClinicServiceJpaTests</className>
          <testName>shouldFindOwnersByLastName</testName>
          <skipped>false</skipped>
          <failedSince>0</failedSince>
        </case>
        <case>
          <duration>0.019</duration>
          <className>org.springframework.samples.petclinic.service.ClinicServiceJpaTests</className>
          <testName>shouldAddNewVisitForPet</testName>
          <skipped>false</skipped>
          <failedSince>0</failedSince>
        </case>
        <case>
          <duration>0.019</duration>
          <className>org.springframework.samples.petclinic.service.ClinicServiceJpaTests</className>
          <testName>shouldUpdateOwner</testName>
          <skipped>false</skipped>
          <failedSince>0</failedSince>
        </case>
        <case>
          <duration>0.015</duration>
          <className>org.springframework.samples.petclinic.service.ClinicServiceJpaTests</className>
          <testName>shouldInsertPetIntoDatabaseAndGenerateId</testName>
          <skipped>false</skipped>
          <failedSince>0</failedSince>
        </case>
        <case>
          <duration>0.005</duration>
          <className>org.springframework.samples.petclinic.service.ClinicServiceJpaTests</className>
          <testName>shouldInsertOwner</testName>
          <skipped>false</skipped>
          <failedSince>0</failedSince>
        </case>
        <case>
          <duration>0.003</duration>
          <className>org.springframework.samples.petclinic.service.ClinicServiceJpaTests</className>
          <testName>shouldFindSingleOwnerWithPet</testName>
          <skipped>false</skipped>
          <failedSince>0</failedSince>
        </case>
        <case>
          <duration>0.004</duration>
          <className>org.springframework.samples.petclinic.service.ClinicServiceJpaTests</className>
          <testName>shouldUpdatePetName</testName>
          <skipped>false</skipped>
          <failedSince>0</failedSince>
        </case>
        <case>
          <duration>0.002</duration>
          <className>org.springframework.samples.petclinic.service.ClinicServiceJpaTests</className>
          <testName>shouldFindAllPetTypes</testName>
          <skipped>false</skipped>
          <failedSince>0</failedSince>
        </case>
        <case>
          <duration>0.003</duration>
          <className>org.springframework.samples.petclinic.service.ClinicServiceJpaTests</className>
          <testName>shouldFindPetWithCorrectId</testName>
          <skipped>false</skipped>
          <failedSince>0</failedSince>
        </case>
      </cases>
    </suite>
    <suite>
      <file>/var/lib/jenkins/workspace/Petclinic-Workspace/target/surefire-reports/TEST-org.springframework.samples.petclinic.service.ClinicServiceSpringDataJpaTests.xml</file>
      <name>org.springframework.samples.petclinic.service.ClinicServiceSpringDataJpaTests</name>
      <duration>0.06199999</duration>
      <cases>
        <case>
          <duration>0.01</duration>
          <className>org.springframework.samples.petclinic.service.ClinicServiceSpringDataJpaTests</className>
          <testName>shouldFindVets</testName>
          <skipped>false</skipped>
          <failedSince>0</failedSince>
        </case>
        <case>
          <duration>0.008</duration>
          <className>org.springframework.samples.petclinic.service.ClinicServiceSpringDataJpaTests</className>
          <testName>shouldFindOwnersByLastName</testName>
          <skipped>false</skipped>
          <failedSince>0</failedSince>
        </case>
        <case>
          <duration>0.012</duration>
          <className>org.springframework.samples.petclinic.service.ClinicServiceSpringDataJpaTests</className>
          <testName>shouldAddNewVisitForPet</testName>
          <skipped>false</skipped>
          <failedSince>0</failedSince>
        </case>
        <case>
          <duration>0.008</duration>
          <className>org.springframework.samples.petclinic.service.ClinicServiceSpringDataJpaTests</className>
          <testName>shouldUpdateOwner</testName>
          <skipped>false</skipped>
          <failedSince>0</failedSince>
        </case>
        <case>
          <duration>0.009</duration>
          <className>org.springframework.samples.petclinic.service.ClinicServiceSpringDataJpaTests</className>
          <testName>shouldInsertPetIntoDatabaseAndGenerateId</testName>
          <skipped>false</skipped>
          <failedSince>0</failedSince>
        </case>
        <case>
          <duration>0.003</duration>
          <className>org.springframework.samples.petclinic.service.ClinicServiceSpringDataJpaTests</className>
          <testName>shouldInsertOwner</testName>
          <skipped>false</skipped>
          <failedSince>0</failedSince>
        </case>
        <case>
          <duration>0.003</duration>
          <className>org.springframework.samples.petclinic.service.ClinicServiceSpringDataJpaTests</className>
          <testName>shouldFindSingleOwnerWithPet</testName>
          <skipped>false</skipped>
          <failedSince>0</failedSince>
        </case>
        <case>
          <duration>0.005</duration>
          <className>org.springframework.samples.petclinic.service.ClinicServiceSpringDataJpaTests</className>
          <testName>shouldUpdatePetName</testName>
          <skipped>false</skipped>
          <failedSince>0</failedSince>
        </case>
        <case>
          <duration>0.001</duration>
          <className>org.springframework.samples.petclinic.service.ClinicServiceSpringDataJpaTests</className>
          <testName>shouldFindAllPetTypes</testName>
          <skipped>false</skipped>
          <failedSince>0</failedSince>
        </case>
        <case>
          <duration>0.003</duration>
          <className>org.springframework.samples.petclinic.service.ClinicServiceSpringDataJpaTests</className>
          <testName>shouldFindPetWithCorrectId</testName>
          <skipped>false</skipped>
          <failedSince>0</failedSince>
        </case>
      </cases>
    </suite>
    <suite>
      <file>/var/lib/jenkins/workspace/Petclinic-Workspace/target/surefire-reports/TEST-org.springframework.samples.petclinic.web.VetControllerTests.xml</file>
      <name>org.springframework.samples.petclinic.web.VetControllerTests</name>
      <duration>0.112</duration>
      <cases>
        <case>
          <duration>0.112</duration>
          <className>org.springframework.samples.petclinic.web.VetControllerTests</className>
          <testName>testGetExistingUser</testName>
          <skipped>false</skipped>
          <failedSince>0</failedSince>
        </case>
      </cases>
    </suite>
  </suites>
  <duration>0.86999995</duration>
  <keepLongStdio>false</keepLongStdio>
</result>