<?xml version='1.0' encoding='UTF-8'?>
<result plugin="junit@1.2-beta-4">
  <suites>
    <suite>
      <file>/var/lib/jenkins/workspace/Petclinic-Workspace/target/surefire-reports/TEST-org.springframework.samples.petclinic.model.ValidatorTests.xml</file>
      <name>org.springframework.samples.petclinic.model.ValidatorTests</name>
      <duration>0.318</duration>
      <cases>
        <case>
          <duration>0.318</duration>
          <className>org.springframework.samples.petclinic.model.ValidatorTests</className>
          <testName>shouldNotValidateWhenFirstNameEmpty</testName>
          <skipped>false</skipped>
          <failedSince>0</failedSince>
        </case>
      </cases>
    </suite>
    <suite>
      <file>/var/lib/jenkins/workspace/Petclinic-Workspace/target/surefire-reports/TEST-org.springframework.samples.petclinic.service.ClinicServiceJdbcTests.xml</file>
      <name>org.springframework.samples.petclinic.service.ClinicServiceJdbcTests</name>
      <duration>0.465</duration>
      <cases>
        <case>
          <duration>0.01</duration>
          <className>org.springframework.samples.petclinic.service.ClinicServiceJdbcTests</className>
          <testName>shouldFindVets</testName>
          <skipped>false</skipped>
          <failedSince>0</failedSince>
        </case>
        <case>
          <duration>0.012</duration>
          <className>org.springframework.samples.petclinic.service.ClinicServiceJdbcTests</className>
          <testName>shouldFindOwnersByLastName</testName>
          <skipped>false</skipped>
          <failedSince>0</failedSince>
        </case>
        <case>
          <duration>0.051</duration>
          <className>org.springframework.samples.petclinic.service.ClinicServiceJdbcTests</className>
          <testName>shouldAddNewVisitForPet</testName>
          <skipped>false</skipped>
          <failedSince>0</failedSince>
        </case>
        <case>
          <duration>0.144</duration>
          <className>org.springframework.samples.petclinic.service.ClinicServiceJdbcTests</className>
          <testName>shouldUpdateOwner</testName>
          <skipped>false</skipped>
          <failedSince>0</failedSince>
        </case>
        <case>
          <duration>0.056</duration>
          <className>org.springframework.samples.petclinic.service.ClinicServiceJdbcTests</className>
          <testName>shouldInsertPetIntoDatabaseAndGenerateId</testName>
          <skipped>false</skipped>
          <errorStackTrace>org.junit.ComparisonFailure: expected:&lt;[3]&gt; but was:&lt;[4]&gt;
	at sun.reflect.NativeConstructorAccessorImpl.newInstance0(Native Method)
	at sun.reflect.NativeConstructorAccessorImpl.newInstance(NativeConstructorAccessorImpl.java:62)
	at sun.reflect.DelegatingConstructorAccessorImpl.newInstance(DelegatingConstructorAccessorImpl.java:45)
	at org.springframework.samples.petclinic.service.AbstractClinicServiceTests.shouldInsertPetIntoDatabaseAndGenerateId(AbstractClinicServiceTests.java:144)
	at sun.reflect.NativeMethodAccessorImpl.invoke0(Native Method)
	at sun.reflect.NativeMethodAccessorImpl.invoke(NativeMethodAccessorImpl.java:62)
	at sun.reflect.DelegatingMethodAccessorImpl.invoke(DelegatingMethodAccessorImpl.java:43)
	at java.lang.reflect.Method.invoke(Method.java:497)
	at org.junit.runners.model.FrameworkMethod$1.runReflectiveCall(FrameworkMethod.java:47)
	at org.junit.internal.runners.model.ReflectiveCallable.run(ReflectiveCallable.java:12)
	at org.junit.runners.model.FrameworkMethod.invokeExplosively(FrameworkMethod.java:44)
	at org.junit.internal.runners.statements.InvokeMethod.evaluate(InvokeMethod.java:17)
	at org.springframework.test.context.junit4.statements.RunBeforeTestMethodCallbacks.evaluate(RunBeforeTestMethodCallbacks.java:73)
	at org.springframework.test.context.junit4.statements.RunAfterTestMethodCallbacks.evaluate(RunAfterTestMethodCallbacks.java:82)
	at org.springframework.test.context.junit4.statements.SpringRepeat.evaluate(SpringRepeat.java:73)
	at org.junit.runners.ParentRunner.runLeaf(ParentRunner.java:271)
	at org.springframework.test.context.junit4.SpringJUnit4ClassRunner.runChild(SpringJUnit4ClassRunner.java:224)
	at org.springframework.test.context.junit4.SpringJUnit4ClassRunner.runChild(SpringJUnit4ClassRunner.java:83)
	at org.junit.runners.ParentRunner$3.run(ParentRunner.java:238)
	at org.junit.runners.ParentRunner$1.schedule(ParentRunner.java:63)
	at org.junit.runners.ParentRunner.runChildren(ParentRunner.java:236)
	at org.junit.runners.ParentRunner.access$000(ParentRunner.java:53)
	at org.junit.runners.ParentRunner$2.evaluate(ParentRunner.java:229)
	at org.springframework.test.context.junit4.statements.RunBeforeTestClassCallbacks.evaluate(RunBeforeTestClassCallbacks.java:61)
	at org.springframework.test.context.junit4.statements.RunAfterTestClassCallbacks.evaluate(RunAfterTestClassCallbacks.java:68)
	at org.junit.runners.ParentRunner.run(ParentRunner.java:309)
	at org.springframework.test.context.junit4.SpringJUnit4ClassRunner.run(SpringJUnit4ClassRunner.java:163)
	at org.apache.maven.surefire.junit4.JUnit4Provider.execute(JUnit4Provider.java:264)
	at org.apache.maven.surefire.junit4.JUnit4Provider.executeTestSet(JUnit4Provider.java:153)
	at org.apache.maven.surefire.junit4.JUnit4Provider.invoke(JUnit4Provider.java:124)
	at sun.reflect.NativeMethodAccessorImpl.invoke0(Native Method)
	at sun.reflect.NativeMethodAccessorImpl.invoke(NativeMethodAccessorImpl.java:62)
	at sun.reflect.DelegatingMethodAccessorImpl.invoke(DelegatingMethodAccessorImpl.java:43)
	at java.lang.reflect.Method.invoke(Method.java:497)
	at org.apache.maven.surefire.util.ReflectionUtils.invokeMethodWithArray2(ReflectionUtils.java:208)
	at org.apache.maven.surefire.booter.ProviderFactory$ProviderProxy.invoke(ProviderFactory.java:158)
	at org.apache.maven.surefire.booter.ProviderFactory.invokeProvider(ProviderFactory.java:86)
	at org.apache.maven.surefire.booter.ForkedBooter.runSuitesInProcess(ForkedBooter.java:153)
	at org.apache.maven.surefire.booter.ForkedBooter.main(ForkedBooter.java:95)
</errorStackTrace>
          <errorDetails>expected:&lt;[3]&gt; but was:&lt;[4]&gt;</errorDetails>
          <stdout>INFO  TransactionContext - Began transaction (1) for test context [DefaultTestContext@68ed3f30 testClass = ClinicServiceJdbcTests, testInstance = org.springframework.samples.petclinic.service.ClinicServiceJdbcTests@7d70638, testMethod = shouldInsertPetIntoDatabaseAndGenerateId@AbstractClinicServiceTests, testException = [null], mergedContextConfiguration = [MergedContextConfiguration@590adb41 testClass = ClinicServiceJdbcTests, locations = &apos;{classpath:spring/business-config.xml}&apos;, classes = &apos;{}&apos;, contextInitializerClasses = &apos;[]&apos;, activeProfiles = &apos;{jdbc}&apos;, propertySourceLocations = &apos;{}&apos;, propertySourceProperties = &apos;{}&apos;, contextLoader = &apos;org.springframework.test.context.support.DelegatingSmartContextLoader&apos;, parent = [null]]]; transaction manager [org.springframework.jdbc.datasource.DataSourceTransactionManager@42aae04d]; rollback [true]
INFO  TransactionContext - Rolled back transaction for test context [DefaultTestContext@68ed3f30 testClass = ClinicServiceJdbcTests, testInstance = org.springframework.samples.petclinic.service.ClinicServiceJdbcTests@7d70638, testMethod = shouldInsertPetIntoDatabaseAndGenerateId@AbstractClinicServiceTests, testException = org.junit.ComparisonFailure: expected:&lt;[3]&gt; but was:&lt;[4]&gt;, mergedContextConfiguration = [MergedContextConfiguration@590adb41 testClass = ClinicServiceJdbcTests, locations = &apos;{classpath:spring/business-config.xml}&apos;, classes = &apos;{}&apos;, contextInitializerClasses = &apos;[]&apos;, activeProfiles = &apos;{jdbc}&apos;, propertySourceLocations = &apos;{}&apos;, propertySourceProperties = &apos;{}&apos;, contextLoader = &apos;org.springframework.test.context.support.DelegatingSmartContextLoader&apos;, parent = [null]]].
</stdout>
          <failedSince>50</failedSince>
        </case>
        <case>
          <duration>0.044</duration>
          <className>org.springframework.samples.petclinic.service.ClinicServiceJdbcTests</className>
          <testName>shouldInsertOwner</testName>
          <skipped>false</skipped>
          <failedSince>0</failedSince>
        </case>
        <case>
          <duration>0.002</duration>
          <className>org.springframework.samples.petclinic.service.ClinicServiceJdbcTests</className>
          <testName>shouldFindSingleOwnerWithPet</testName>
          <skipped>false</skipped>
          <failedSince>0</failedSince>
        </case>
        <case>
          <duration>0.141</duration>
          <className>org.springframework.samples.petclinic.service.ClinicServiceJdbcTests</className>
          <testName>shouldUpdatePetName</testName>
          <skipped>false</skipped>
          <failedSince>0</failedSince>
        </case>
        <case>
          <duration>0.002</duration>
          <className>org.springframework.samples.petclinic.service.ClinicServiceJdbcTests</className>
          <testName>shouldFindAllPetTypes</testName>
          <skipped>false</skipped>
          <failedSince>0</failedSince>
        </case>
        <case>
          <duration>0.003</duration>
          <className>org.springframework.samples.petclinic.service.ClinicServiceJdbcTests</className>
          <testName>shouldFindPetWithCorrectId</testName>
          <skipped>false</skipped>
          <failedSince>0</failedSince>
        </case>
      </cases>
    </suite>
    <suite>
      <file>/var/lib/jenkins/workspace/Petclinic-Workspace/target/surefire-reports/TEST-org.springframework.samples.petclinic.service.ClinicServiceJpaTests.xml</file>
      <name>org.springframework.samples.petclinic.service.ClinicServiceJpaTests</name>
      <duration>0.477</duration>
      <cases>
        <case>
          <duration>0.133</duration>
          <className>org.springframework.samples.petclinic.service.ClinicServiceJpaTests</className>
          <testName>shouldFindVets</testName>
          <skipped>false</skipped>
          <failedSince>0</failedSince>
        </case>
        <case>
          <duration>0.018</duration>
          <className>org.springframework.samples.petclinic.service.ClinicServiceJpaTests</className>
          <testName>shouldFindOwnersByLastName</testName>
          <skipped>false</skipped>
          <failedSince>0</failedSince>
        </case>
        <case>
          <duration>0.106</duration>
          <className>org.springframework.samples.petclinic.service.ClinicServiceJpaTests</className>
          <testName>shouldAddNewVisitForPet</testName>
          <skipped>false</skipped>
          <failedSince>0</failedSince>
        </case>
        <case>
          <duration>0.05</duration>
          <className>org.springframework.samples.petclinic.service.ClinicServiceJpaTests</className>
          <testName>shouldUpdateOwner</testName>
          <skipped>false</skipped>
          <failedSince>0</failedSince>
        </case>
        <case>
          <duration>0.049</duration>
          <className>org.springframework.samples.petclinic.service.ClinicServiceJpaTests</className>
          <testName>shouldInsertPetIntoDatabaseAndGenerateId</testName>
          <skipped>false</skipped>
          <failedSince>0</failedSince>
        </case>
        <case>
          <duration>0.109</duration>
          <className>org.springframework.samples.petclinic.service.ClinicServiceJpaTests</className>
          <testName>shouldInsertOwner</testName>
          <skipped>false</skipped>
          <failedSince>0</failedSince>
        </case>
        <case>
          <duration>0.003</duration>
          <className>org.springframework.samples.petclinic.service.ClinicServiceJpaTests</className>
          <testName>shouldFindSingleOwnerWithPet</testName>
          <skipped>false</skipped>
          <failedSince>0</failedSince>
        </case>
        <case>
          <duration>0.004</duration>
          <className>org.springframework.samples.petclinic.service.ClinicServiceJpaTests</className>
          <testName>shouldUpdatePetName</testName>
          <skipped>false</skipped>
          <failedSince>0</failedSince>
        </case>
        <case>
          <duration>0.002</duration>
          <className>org.springframework.samples.petclinic.service.ClinicServiceJpaTests</className>
          <testName>shouldFindAllPetTypes</testName>
          <skipped>false</skipped>
          <failedSince>0</failedSince>
        </case>
        <case>
          <duration>0.003</duration>
          <className>org.springframework.samples.petclinic.service.ClinicServiceJpaTests</className>
          <testName>shouldFindPetWithCorrectId</testName>
          <skipped>false</skipped>
          <failedSince>0</failedSince>
        </case>
      </cases>
    </suite>
    <suite>
      <file>/var/lib/jenkins/workspace/Petclinic-Workspace/target/surefire-reports/TEST-org.springframework.samples.petclinic.service.ClinicServiceSpringDataJpaTests.xml</file>
      <name>org.springframework.samples.petclinic.service.ClinicServiceSpringDataJpaTests</name>
      <duration>0.351</duration>
      <cases>
        <case>
          <duration>0.016</duration>
          <className>org.springframework.samples.petclinic.service.ClinicServiceSpringDataJpaTests</className>
          <testName>shouldFindVets</testName>
          <skipped>false</skipped>
          <failedSince>0</failedSince>
        </case>
        <case>
          <duration>0.008</duration>
          <className>org.springframework.samples.petclinic.service.ClinicServiceSpringDataJpaTests</className>
          <testName>shouldFindOwnersByLastName</testName>
          <skipped>false</skipped>
          <failedSince>0</failedSince>
        </case>
        <case>
          <duration>0.163</duration>
          <className>org.springframework.samples.petclinic.service.ClinicServiceSpringDataJpaTests</className>
          <testName>shouldAddNewVisitForPet</testName>
          <skipped>false</skipped>
          <failedSince>0</failedSince>
        </case>
        <case>
          <duration>0.042</duration>
          <className>org.springframework.samples.petclinic.service.ClinicServiceSpringDataJpaTests</className>
          <testName>shouldUpdateOwner</testName>
          <skipped>false</skipped>
          <failedSince>0</failedSince>
        </case>
        <case>
          <duration>0.042</duration>
          <className>org.springframework.samples.petclinic.service.ClinicServiceSpringDataJpaTests</className>
          <testName>shouldInsertPetIntoDatabaseAndGenerateId</testName>
          <skipped>false</skipped>
          <failedSince>0</failedSince>
        </case>
        <case>
          <duration>0.034</duration>
          <className>org.springframework.samples.petclinic.service.ClinicServiceSpringDataJpaTests</className>
          <testName>shouldInsertOwner</testName>
          <skipped>false</skipped>
          <failedSince>0</failedSince>
        </case>
        <case>
          <duration>0.003</duration>
          <className>org.springframework.samples.petclinic.service.ClinicServiceSpringDataJpaTests</className>
          <testName>shouldFindSingleOwnerWithPet</testName>
          <skipped>false</skipped>
          <failedSince>0</failedSince>
        </case>
        <case>
          <duration>0.039</duration>
          <className>org.springframework.samples.petclinic.service.ClinicServiceSpringDataJpaTests</className>
          <testName>shouldUpdatePetName</testName>
          <skipped>false</skipped>
          <failedSince>0</failedSince>
        </case>
        <case>
          <duration>0.002</duration>
          <className>org.springframework.samples.petclinic.service.ClinicServiceSpringDataJpaTests</className>
          <testName>shouldFindAllPetTypes</testName>
          <skipped>false</skipped>
          <failedSince>0</failedSince>
        </case>
        <case>
          <duration>0.002</duration>
          <className>org.springframework.samples.petclinic.service.ClinicServiceSpringDataJpaTests</className>
          <testName>shouldFindPetWithCorrectId</testName>
          <skipped>false</skipped>
          <failedSince>0</failedSince>
        </case>
      </cases>
    </suite>
    <suite>
      <file>/var/lib/jenkins/workspace/Petclinic-Workspace/target/surefire-reports/TEST-org.springframework.samples.petclinic.web.VetControllerTests.xml</file>
      <name>org.springframework.samples.petclinic.web.VetControllerTests</name>
      <duration>0.106</duration>
      <cases>
        <case>
          <duration>0.106</duration>
          <className>org.springframework.samples.petclinic.web.VetControllerTests</className>
          <testName>testGetExistingUser</testName>
          <skipped>false</skipped>
          <failedSince>0</failedSince>
        </case>
      </cases>
    </suite>
  </suites>
  <duration>1.717</duration>
  <keepLongStdio>false</keepLongStdio>
</result>