<?xml version="1.0" encoding="UTF-8"?>
<!DOCTYPE suite SYSTEM "http://testng.org/testng-1.0.dtd">
<suite name="Failed suite [PetClinic]">
  <test name="Pettest(failed)">
    <classes>
      <class name="com.sample.main.PetClinic">
        <methods>
          <include name="aftertest"/>
          <include name="beforetest"/>
          <include name="testmethod"/>
        </methods>
      </class> <!-- com.sample.main.PetClinic -->
    </classes>
  </test> <!-- Pettest(failed) -->
</suite> <!-- Failed suite [PetClinic] -->
